time,S,I,R
0.0,990.0,10.0,0.0
0.5,2.4705301763508605e-7,952.6913722338429,47.308627519104185
1.0,3.282515617056346e-7,906.2280656435081,93.7719340282407
1.5,-1.7836497094566458e-7,862.030801839261,137.96919833910428
2.0,-2.659696124224572e-7,819.9890636317956,180.01093663417439
2.5,2.38899847202265e-7,779.9977246032489,220.00227515785133
3.0,-3.2351753804778133e-7,741.9567872372237,258.04321308629386
3.5,-2.3068224860697264e-7,705.7711276509768,294.22887257970586
4.0,3.0402771034851066e-8,671.3502633347053,328.6497366348925
4.5,3.633453920079302e-8,638.6081246228557,361.39187534081066
5.0,-3.547339293019178e-7,607.4628392559889,392.5371610987459
5.5,-3.489670333856339e-8,577.836526688342,422.16347334655563
6.0,2.3002827478783775e-7,549.6551064738607,450.3448932961116
6.5,3.245861103872679e-8,522.8481107914724,477.1518891760694
7.0,-3.610580543962338e-7,497.3485079216537,502.65149243940454
7.5,-2.036241490309418e-7,473.0925348266919,526.9074653769327
8.0,4.391539273776385e-7,450.019539005468,549.9804605553784
8.5,1.5837861770101697e-7,428.07182736179203,571.9281724798296
9.0,-2.0805697387203435e-7,407.19451834532623,592.805481862731
9.5,-2.4463601456389884e-7,387.3354073922449,612.6645928523911
10.0,1.220895408084973e-7,368.4448363073688,631.5551635705419
10.5,1.7393661173499084e-7,350.47556954305645,649.524430283007
11.0,6.835111949417178e-8,333.38267441519315,666.6173255164557
11.5,-1.72157737356211e-7,317.12340975989525,682.8765904122625
12.0,3.640453824047861e-7,301.6571180332262,698.3428816027284
12.5,-3.9283287124451077e-7,286.94512752325574,713.0548728695774
13.0,-3.793158089031635e-7,272.95064852290164,727.0493518564144
13.5,1.9095699395245875e-7,259.6386877590742,740.3613120499692
14.0,-2.256804954066115e-7,246.97595994304925,753.0240402826315
14.5,4.244400394395498e-7,234.93079960212876,765.0691999734315
15.0,-2.055232328951534e-8,223.4730897279235,776.5269102926293
15.5,3.9266605340836296e-7,212.57417812042567,787.425821486909
16.0,3.828270989423161e-7,202.20681310784752,797.793186509326
16.5,-2.6109746498753537e-7,192.34507108901428,807.6549291720836
17.0,-2.874077526122334e-7,182.96429131669026,817.035708970718
17.5,4.387916638678382e-7,174.0410168198274,825.9589827413814
18.0,-4.9945569078778565e-8,165.55293673728664,834.4470633126593
18.5,1.9370310080023082e-7,157.47882449529038,842.5211753110071
19.0,-9.033054039282541e-8,149.79849187088482,850.2015082194463
19.5,4.0843625163351026e-7,142.49273271790176,857.5072668736626
20.0,3.1932007289589153e-7,135.54328020810436,864.4567194725761
20.5,-3.4523257422610475e-7,128.93275707792608,871.067243267307
21.0,3.490646676735993e-7,122.64463163525406,877.3553680156818
21.5,4.04851310001434e-7,116.66318229543805,883.3368172997112
22.0,2.9427557191653273e-7,110.97345184636,889.0265478593649
22.5,-3.477091576585452e-7,105.56121336426112,894.4387869834486
23.0,3.24585914458437e-7,100.41293158060402,899.5870680948105
23.5,2.9968469206848745e-7,95.51573512889742,904.4842645714184
24.0,3.3249765090178303e-7,90.85737770976775,909.1426219577352
24.5,2.1748018115048197e-7,86.4262112096326,913.5737885728878
25.0,-3.2402269638179883e-7,82.21115568374879,917.7888446402746
25.5,2.56359803188909e-7,78.20166974164219,921.7983300019987
26.0,2.015090377896208e-7,74.38772934582256,925.612270452669
26.5,-4.3276442599720484e-9,70.75979717244063,929.2402028318876
27.0,1.070011642166814e-7,67.30880103045389,932.6911988625455
27.5,3.580133199096379e-7,64.02611181042607,935.9738878315612
28.0,-1.8924770491851547e-7,60.903522023097025,939.0964781661513
28.5,9.527183225129627e-8,57.933221927248226,942.0667779774806
29.0,-2.4597389665038405e-7,55.1077856919687,944.8922145540058
29.5,2.409986099726576e-7,52.42014679132113,947.579852967681
30.0,2.792720569056253e-7,49.86358601410283,950.1364137066257
30.5,1.5620525302298488e-7,47.43171033786357,952.5682895059318
31.0,1.9650282636479864e-7,45.11843847944247,954.8815613240553
31.5,3.1127640139287663e-7,42.917986143770214,957.082013544954
32.0,4.603089394623475e-8,40.82485151230559,959.175148441664
32.5,-2.544616534644432e-7,38.833800310123124,961.166199944339
33.0,2.097614743145565e-7,36.93985306437951,963.0601467258596
33.5,-1.6603476506131673e-7,35.1382755405543,964.861724625481
34.0,2.000649069256686e-7,33.424561258844534,966.575438541091
34.5,-2.2843693040511887e-7,31.79442659338048,968.2055736350568
35.0,7.753997877906294e-8,30.243793812975184,969.7562061094851
35.5,2.1288726019152546e-7,28.768786442558586,971.2312133445545
36.0,-4.254879627780396e-8,27.365716418934017,972.6342836236151
36.5,-1.7212112427345033e-7,26.031074813395907,973.9689253587256
37.0,-1.9265681892408026e-7,24.761524343260994,975.2384758493962
37.5,-1.8430449849339191e-7,23.553890551890657,976.4461096324143
38.0,-1.7809112655890316e-7,22.40515375709214,977.5948464209994
38.5,-1.5761366725171827e-7,21.312441501856686,978.6875586557575
39.0,-8.007998341498758e-8,20.273021393273687,979.7269786868068
39.5,7.365635151124164e-8,19.28429432130375,980.7157056050404
40.0,1.6926155237531105e-7,18.343788089048008,981.6562117416909
40.5,-2.7771541434123534e-8,17.44915117907101,982.550848848701
41.0,-1.2864174248757603e-7,16.598146134468468,983.4018539941737
41.5,7.209088230857651e-8,15.788644799280863,984.2113551286287
42.0,3.698896654158189e-8,15.018623540348958,984.9813764226626
42.5,-1.0223024684269625e-7,14.286156758951392,985.7138433432794
43.0,1.2295132037651302e-7,13.589412454853898,986.4105874221954
43.5,-8.369950663101185e-8,12.926649187318844,987.0733508963813
44.0,6.056875721605753e-8,12.296208926547404,987.7037910128844
44.5,-5.520159522430491e-8,11.696515853107364,988.3034842020949
45.0,5.142533434411897e-8,11.126069937867127,988.8739300107081
45.5,-6.033125251387207e-8,10.583445206193213,989.4165548541387
46.0,7.625977291927692e-8,10.067284371518813,989.932715552222
46.5,-5.882628294184898e-8,9.576297210767144,990.4237028480597
47.0,4.358344524351212e-8,9.10925562796431,990.8907443284529
47.5,-2.1341104963804743e-9,8.664991976663158,991.3350080254716
48.0,-3.625249960378929e-8,8.242395373954459,991.7576046622986
48.5,5.2830892224247344e-8,7.840408966927,992.1595909802427
49.0,-9.832013820184164e-9,7.458027647339566,992.5419723624931
49.5,-2.7210371488894853e-8,7.09429539056311,992.9057046366479
50.0,3.2626267727631755e-8,6.748302561441109,993.2516974059332
50.5,1.0428723234777326e-8,6.419183836656036,993.5808161529159
51.0,-2.1260951732268445e-8,6.1061164147318046,993.8938836065298
51.5,-4.0320180940998325e-9,5.808317796140749,994.191682207892
52.0,2.591260757574872e-8,5.52504286311628,994.4749571109718
52.5,5.916648370870046e-9,5.255582973358974,994.744417020725
53.0,-1.0456801741877521e-8,4.999264813099575,995.0007351973579
53.5,-7.339454191394917e-9,4.755448096560691,995.2445519107794
54.0,8.802313928014188e-9,4.523522538269376,995.476477452929
54.5,1.2066793323842123e-8,4.302907733845593,995.6970922540883
55.0,2.8575357453533467e-9,4.093051167048929,995.9069488300942
55.5,-3.1848788092167015e-9,3.8934298086827455,996.1065701945029
56.0,-3.820106504464413e-9,3.703545377612522,996.2964546262083
56.5,2.0541132510937406e-10,3.522922388866842,996.4770776109284
57.0,5.1584481751060495e-9,3.351108153637388,996.6488918412049
57.5,4.8925857465248354e-9,3.1876724691235667,996.8123275259846
58.0,2.5598059942146066e-9,3.032204200012266,996.9677957974287
58.5,9.046481179795892e-10,2.884317916092885,997.1156820830032
59.0,-1.2982589634397866e-12,2.7436464346401257,997.2563535653619
59.5,-2.0361961109968806e-10,2.6098383273434917,997.3901616728608
60.0,1.3492148938404604e-10,2.482557920307291,997.5174420795586
60.5,7.343863725987245e-10,2.361485294050635,997.6385147052157
61.0,1.1976602709558564e-9,2.2463162835074333,997.7536837152957
61.5,1.0623528239612777e-9,2.136762072751178,997.8632379261873
62.0,7.811534529234319e-10,2.032544653839623,997.96745534538
62.5,5.939412806005866e-10,1.9334075375444,998.0665924618625
63.0,4.701008963907767e-10,1.8391072543388083,998.1608927451919
63.5,3.8508912447726263e-10,1.7494100107955612,998.2505899888201
64.0,3.2043502382848803e-10,1.6640916895867857,998.3359083100935
64.5,2.637398881982819e-10,1.5829378494840192,998.417062150253
65.0,2.0867724612546494e-10,1.505743725358217,998.4942562744338
65.5,1.5499286093421636e-10,1.4323142281797452,998.567685771666
66.0,1.0850473073416134e-10,1.362463945018379,998.6375360548739
66.5,8.092695835191913e-11,1.2960171076186153,998.7039828923012
67.0,6.700708606801383e-11,1.2328054528109489,998.7671945471227
67.5,5.617604125542214e-11,1.17267355734272,998.8273264426018
68.0,4.772335475115572e-11,1.1154748228757054,998.8845251770773
68.5,4.104624137298988e-11,1.061068272091331,998.9389317278683
69.0,3.5649599919463656e-11,1.0093185486906693,998.9906814512743
69.5,3.114601316987883e-11,0.9600959173944438,999.0399040825752
70.0,2.7255747884301604e-11,0.9132762639430253,999.0867237360304
70.5,2.3806754803560257e-11,0.868741095096434,999.1312589048805
71.0,2.0734668649248843e-11,0.8263775386343363,999.1736224613456
71.5,1.808280812372484e-11,0.7860783433560486,999.2139216566266
72.0,1.599641707419106e-11,0.747741825046906,999.2522581749379
72.5,1.4338214671252163e-11,0.7112700389619566,999.2887299610245
73.0,1.2925336501529737e-11,0.6765739046499738,999.3234260953378
73.5,1.1719131114505842e-11,0.6435697611972436,999.3564302387917
74.0,1.0685168333590832e-11,0.6121769939621118,999.3878230060279
74.5,9.793239256123335e-12,0.5823180345749839,999.4176819654159
75.0,9.017356253370251e-12,0.5539183609383259,999.4460816390534
75.5,8.33575297052681e-12,0.5269064972266618,999.4730935027658
76.0,7.730884326716501e-12,0.501214013886577,999.4987859861064
76.5,7.189426514991069e-12,0.4767755276367163,999.5232244723568
77.0,6.702277002330574e-12,0.4535287014677837,999.5464712985263
77.5,6.2645545296433075e-12,0.4314142446425452,999.5685857553519
78.0,5.875599111766048e-12,0.4103759126958208,999.5896240872991
78.5,5.532823848070118e-12,0.39036010705417395,999.609639892941
79.0,5.22532151827811e-12,0.3713174888590636,999.6286825111364
79.5,4.949005602759317e-12,0.35320269106626895,999.6467973089295
80.0,4.700290987104099e-12,0.3359719573173188,999.6640280426788
80.5,4.475907131608115e-12,0.3195831107635969,999.6804168892327
81.0,4.272898071272327e-12,0.3039955540663418,999.6960044459302
81.5,4.088622415802995e-12,0.289170269396647,999.7108297306
82.0,3.920753349611681e-12,0.27506981843546063,999.7249301815614
82.5,3.767278631815252e-12,0.2616583423735865,999.7383416576233
83.0,3.6265005962358697e-12,0.24890156191168208,999.7510984380854
83.5,3.4970361514010004e-12,0.236766777260261,999.763233222737
84.0,3.3778167805434135e-12,0.22522286813969195,999.7747771318576
84.5,3.2680885416011688e-12,0.21424029378019566,999.7857597062173
85.0,3.167187259152375e-12,0.20379094867598727,999.7962090513215
85.5,3.0740582133906903e-12,0.19384901961465822,999.806150980383
86.0,2.988026194126537e-12,0.18439108063383483,999.8156089193639
86.5,2.9084826157236905e-12,0.17539453593629104,999.8246054640615
87.0,2.834860199591932e-12,0.16683757038261723,999.8331624296153
87.5,2.7666329741870535e-12,0.15869914949122035,999.8413008505067
88.0,2.7033162750108532e-12,0.15095901943832385,999.8490409805597
88.5,2.644466744611138e-12,0.14359770705796768,999.8564022929401
89.0,2.5896823325817227e-12,0.1365965198420082,999.8634034801561
89.5,2.5386022955624303e-12,0.12993754594011842,999.870062454058
90.0,2.4909071972390916e-12,0.12360365415978776,999.8763963458384
90.5,2.4463189083435457e-12,0.11757849396632214,999.882421506032
91.0,2.4046006066536434e-12,0.1118464954828445,999.8881535045155
91.5,2.3655567769932327e-12,0.1063928694902927,999.893607130508
92.0,2.3290098759956956e-12,0.10120361643736411,999.898796383561
92.5,2.2947550321299764e-12,0.09626612091965328,999.9037338790788
93.0,2.2626367341329656e-12,0.09156885521316935,999.9084311447853
93.5,2.232510149821887e-12,0.0871006812313703,999.9128993187671
94.0,2.2042383597282557e-12,0.08285083445973836,999.9171491655387
94.5,2.1776923570978776e-12,0.07880892395577994,999.9211910760428
95.0,2.1527510478908493e-12,0.07496493234902585,999.9250350676496
95.5,2.129301250781558e-12,0.07130921584103095,999.9286907841575
96.0,2.1072376971586836e-12,0.06783250420537461,999.9321674957932
96.5,2.0864630311251938e-12,0.06452590078766018,999.935474099211
97.0,2.0668878094983492e-12,0.0613808825055154,999.9386191174931
97.5,2.048430501809702e-12,0.058389299848592494,999.94161070015
98.0,2.031017490305091e-12,0.055543376878567266,999.9444566231201
98.5,2.0145830699446532e-12,0.052835711229140644,999.9471642887695
99.0,1.9990694361708823e-12,0.0502592794431939,999.9497407205556
99.5,1.984423151753497e-12,0.047808105396750254,999.952191894602
100.0,1.9705907720082477e-12,0.04547647665462839,999.9545235233442
