β,γ,R0,peak_I,t_peak,final_R
5.0e-5,0.05,1.0,10.0,0.0,106.1
0.0001,0.05,2.0,158.5,87.6,799.0
0.0002,0.05,4.0,405.9,38.8,980.4
0.0003,0.05,6.0,536.4,25.5,997.5
0.0005,0.05,10.0,670.8,15.5,1000.0
0.001,0.05,20.0,800.8,8.1,1000.0
5.0e-5,0.1,0.5,10.0,0.0,19.7
0.0001,0.1,1.0,10.0,0.0,131.0
0.0002,0.1,2.0,158.5,43.8,800.2
0.0003,0.1,3.0,303.8,26.6,941.2
0.0005,0.1,5.0,480.1,15.3,993.1
0.001,0.1,10.0,670.8,7.8,1000.0
5.0e-5,0.2,0.25,10.0,0.0,13.3
0.0001,0.2,0.5,10.0,0.0,19.7
0.0002,0.2,1.0,10.0,0.0,135.1
0.0003,0.2,1.5,69.7,32.6,593.6
0.0005,0.2,2.5,237.5,16.5,894.1
0.001,0.2,5.0,480.1,7.7,993.1
