N,network,seed,deadlock,t_end,meals
3,classic,1,true,1.0346685211250155,0
5,classic,1,true,11.664762763780882,6
7,classic,1,true,2.9921969294609383,1
3,arbiter,1,false,49.194489149810735,25
5,arbiter,1,false,48.95475474524457,25
7,arbiter,1,false,49.7295531494224,24
3,classic,2,true,3.6197362556807313,2
5,classic,2,true,11.463434097352533,7
7,classic,2,true,12.007230676596654,7
3,arbiter,2,false,49.60993547944831,29
5,arbiter,2,false,49.34648053645141,21
7,arbiter,2,false,49.662320600581,26
3,classic,3,true,0.5393331944998602,0
5,classic,3,true,4.350375239904609,3
7,classic,3,true,1.2531479546631503,1
3,arbiter,3,false,49.177144821849225,26
5,arbiter,3,false,47.87427575928954,26
7,arbiter,3,false,48.88203826563274,25
3,classic,4,true,0.6282685904085582,0
5,classic,4,true,11.371376458627282,12
7,classic,4,true,10.28603057092991,11
3,arbiter,4,false,49.04243833590805,28
5,arbiter,4,false,49.42168126502338,35
7,arbiter,4,false,49.187795035719596,31
3,classic,5,true,2.0361186325726095,0
5,classic,5,true,3.26045263559351,1
7,classic,5,true,9.283782113659363,3
3,arbiter,5,false,48.550436540817714,21
5,arbiter,5,false,49.800445077718784,18
7,arbiter,5,false,48.74206113305985,22
3,classic,6,true,1.380002766532827,0
5,classic,6,true,2.4985784842504843,0
7,classic,6,true,2.5660254272566325,0
3,arbiter,6,false,48.99743773121076,27
5,arbiter,6,false,49.573416856724,28
7,arbiter,6,false,47.75484010454804,25
3,classic,7,true,0.5696998701887855,0
5,classic,7,true,7.7075539504683395,5
7,classic,7,true,12.951080464078961,10
3,arbiter,7,false,49.61949294977119,24
5,arbiter,7,false,47.83065985894683,21
7,arbiter,7,false,49.56011379662938,26
3,classic,8,true,1.0086452844752993,0
5,classic,8,true,3.2955547623414634,2
7,classic,8,true,6.945877067714382,4
3,arbiter,8,false,49.91287644652435,26
5,arbiter,8,false,48.584464181555084,23
7,arbiter,8,false,49.50921085431941,28
3,classic,9,true,2.0784441296413343,2
5,classic,9,true,1.399413144733869,1
7,classic,9,true,1.3723500676913127,1
3,arbiter,9,false,44.28436171241562,24
5,arbiter,9,false,49.44915328159989,30
7,arbiter,9,false,49.98214868415125,26
3,classic,10,true,1.9640935365499523,1
5,classic,10,true,2.502923987928904,1
7,classic,10,true,11.186086267803532,6
3,arbiter,10,false,49.98197612268435,18
5,arbiter,10,false,48.05307040487635,24
7,arbiter,10,false,49.94127639467038,24
3,classic,11,true,1.1364327968676238,1
5,classic,11,true,3.496384599329525,1
7,classic,11,true,4.92334137131545,5
3,arbiter,11,false,49.30006564257429,25
5,arbiter,11,false,49.99355424781303,25
7,arbiter,11,false,49.50237850397555,26
3,classic,12,true,7.3906794081129865,4
5,classic,12,true,4.050946224550349,3
7,classic,12,true,14.909690707256948,9
3,arbiter,12,false,49.65733925008721,29
5,arbiter,12,false,48.45479587389383,30
7,arbiter,12,false,47.91111370705424,26
3,classic,13,true,10.092836967412213,5
5,classic,13,true,5.211898957133577,4
7,classic,13,true,6.972662002307102,4
3,arbiter,13,false,49.87392850049828,29
5,arbiter,13,false,49.55172913075601,28
7,arbiter,13,false,49.9761312254016,29
3,classic,14,true,4.858103593535483,3
5,classic,14,true,5.0673713816938974,1
7,classic,14,true,1.9977793781082003,2
3,arbiter,14,false,49.017414015805045,29
5,arbiter,14,false,48.920045630450005,22
7,arbiter,14,false,49.381633435517706,26
3,classic,15,true,10.197663575449871,6
5,classic,15,true,4.091612529205166,2
7,classic,15,true,16.198190618969143,11
3,arbiter,15,false,49.963264788006335,27
5,arbiter,15,false,49.03293844697983,30
7,arbiter,15,false,45.54311201643724,32
3,classic,16,true,4.131221721723064,2
5,classic,16,true,4.323537183978178,2
7,classic,16,true,4.336018923715295,2
3,arbiter,16,false,49.51309899111687,24
5,arbiter,16,false,49.81774583754949,18
7,arbiter,16,false,49.13042277650781,23
3,classic,17,true,44.85591553003086,18
5,classic,17,true,0.5402100240581144,0
7,classic,17,true,6.361711929355166,2
3,arbiter,17,false,47.904029719151396,17
5,arbiter,17,false,46.55716158988785,24
7,arbiter,17,false,47.75281348722191,21
3,classic,18,true,2.428011917050326,0
5,classic,18,true,1.9367845297189885,0
7,classic,18,true,2.1428870373798636,0
3,arbiter,18,false,49.784403201058524,25
5,arbiter,18,false,49.683050970964324,26
7,arbiter,18,false,49.97483095070592,26
3,classic,19,true,6.403459628242463,6
5,classic,19,true,4.371695647363814,4
7,classic,19,true,10.385737835103413,10
3,arbiter,19,false,49.41988440919207,27
5,arbiter,19,false,49.35727119458443,25
7,arbiter,19,false,49.70462244126071,26
3,classic,20,true,2.8530070529600366,2
5,classic,20,true,2.220324934279857,1
7,classic,20,true,8.971475863066404,4
3,arbiter,20,false,47.97938594662645,27
5,arbiter,20,false,49.56532350167329,29
7,arbiter,20,false,49.665745683873034,26
