β,c,γ,R0,peak_I,t_peak,final_R,peak_I_ode,final_R_ode
0.03,5.0,0.25,0.6,11,0.2,32,10.0,24.0
0.03,10.0,0.25,1.2,24,37.9,116,23.1,187.8
0.03,15.0,0.25,1.8,125,18.7,676,123.5,689.2
0.05,5.0,0.25,1.0,21,7.2,82,10.0,82.8
0.05,10.0,0.25,2.0,174,17.9,751,158.5,775.7
0.05,15.0,0.25,3.0,293,8.2,924,303.8,939.3
0.07,5.0,0.25,1.4,86,25.3,404,52.6,370.1
0.07,10.0,0.25,2.8,264,12.2,924,278.7,923.1
0.07,15.0,0.25,4.2,414,6.8,987,422.6,983.8
0.03,5.0,0.5,0.3,10,0.0,13,10.0,14.2
0.03,10.0,0.5,0.6,11,0.1,32,10.0,24.4
0.03,15.0,0.5,0.9,12,0.5,65,10.0,69.5
0.05,5.0,0.5,0.5,10,0.0,19,10.0,19.7
0.05,10.0,0.5,1.0,21,3.6,82,10.0,119.7
0.05,15.0,0.5,1.5,96,11.8,550,69.7,590.7
0.07,5.0,0.5,0.7,10,0.0,32,10.0,31.7
0.07,10.0,0.5,1.4,86,12.7,536,52.6,519.0
0.07,15.0,0.5,2.1,160,8.0,849,175.3,824.8
