N,S,R,T_sim,T_theory,utilization,mean_queue
10,1,1,111.9,120.0,0.109,0.0
10,2,1,1341.1,1230.0,0.0997,0.0123
10,3,1,13714.9,12340.0,0.1003,0.0111
15,1,1,56.4,57.8,0.1431,0.0
15,2,1,468.8,405.2,0.1513,0.0189
15,3,1,2903.8,2727.9,0.1537,0.0288
20,1,1,37.2,35.0,0.1718,0.0
20,2,1,205.0,190.0,0.1938,0.0406
20,3,1,1241.9,970.0,0.2056,0.0468
10,1,2,111.9,120.0,0.0545,0.0
10,2,2,2688.6,2330.0,0.0555,0.0
10,3,2,53804.0,46540.0,0.05,0.0002
15,1,2,56.4,57.8,0.0716,0.0
15,2,2,883.4,745.9,0.073,0.0
15,3,2,9472.6,9927.9,0.0763,0.001
20,1,2,37.2,35.0,0.0859,0.0
20,2,2,347.0,340.0,0.1114,0.0
20,3,2,4163.3,3395.0,0.0996,0.0016
